"","Name","National.category","IUCN.category","Area.of.protected.area","Land.cover.code","Land.cover.name","Land.cover.area.2000","Percent.type.protected.by.area","Total.sq.km.lost","Percent.lost","Total.sqkm.burned","Percent.lost.to.fire","Total.sq.km.lost.other","Land.cover.area.2016"
"1","Armando Bermúdez","Parque Nacional","II - UICN",802.55,"1","Dense conifer forest",371.377654148284,0.223711229328664,13.6119191121606,0.0366524990400354,6.91089016862768,0.50770873024463,6.70102894353293,357.765735036123
"2","José del Carmen Ramírez","Parque Nacional","II - UICN",749.758,"1","Dense conifer forest",308.33752484747,0.185736987568571,47.9107091656617,0.155383971475293,41.7638873502033,0.871702549962172,6.14682181545837,260.426815681808
"3","Valle Nuevo","Parque Nacional","II - UICN",906.131,"1","Dense conifer forest",225.353579892236,0.135748949427038,19.474246654502,0.0864164068918478,11.0383648009643,0.566818578238173,8.43588185353766,205.879333237734
"4","Manolo Tavarez Justo","Parque Nacional","II - UICN",351.727,"1","Dense conifer forest",132.260200574745,0.079671169579896,13.3515462307905,0.100949085006453,0,0,13.3515462307905,118.908654343955
"5","Sierra de Bahoruco","Parque Nacional","II - UICN",1092.27,"1","Dense conifer forest",96.5287673227685,0.0581471958857676,8.94987327224864,0.092717161116566,1.44534999139404,0.161493905827216,7.5045232808546,87.5788940505199
"6","Alto Mao","Reserva Natural","V - UICN",210.115,"1","Dense conifer forest",89.583609848558,0.053963557750619,13.5681099790891,0.15145750435851,0.000844891174316406,6.22703659992834e-05,13.5672650879148,76.0154998694689
"7","Alto bao","Reserva Natural","V - UICN",262.582,"1","Dense conifer forest",47.2845193608105,0.0284833452854929,4.30991361263263,0.0911485126822436,0,0,4.30991361263263,42.9746057481779
"8","Guagui","Paisaje Protegido","VI - UICN",41.474,"1","Dense conifer forest",23.685385715353,0.0142676509917033,0.91064245769291,0.0384474404865877,0,0,0.91064245769291,22.7747432576601
"9","Nalga de Maco","Parque Nacional","II - UICN",165.849,"1","Dense conifer forest",22.0965012942526,0.0133105355510322,3.3638255891623,0.152233403124197,0.00338047662353516,0.00100495002904625,3.36044511253876,18.7326757050903
"10","Baiguate","Parque Nacional","II - UICN",52.427,"1","Dense conifer forest",12.5218208122866,0.00754291997932485,0.2677505707867,0.0213827185998364,0,0,0.2677505707867,12.2540702414999
"11","Cerro Chacuey","Reserva Natural","V - UICN",51.893,"1","Dense conifer forest",9.01003438774319,0.00542748290496433,2.88061175084236,0.31971151572529,0.0151957256469727,0.00527517310950672,2.86541602519539,6.12942263690083
"12","Carretera Bayacanes-Jarabacoa","Paisaje Protegido","VI - UICN",16.227,"1","Dense conifer forest",5.2749878071734,0.00317755792211799,0.24642412916136,0.0467155827026273,0,0,0.24642412916136,5.02856367801204
"13","Sierra de Neiba","Parque Nacional","II - UICN",183,"1","Dense conifer forest",5.22570222688381,0.00314786917366583,0.170233165831552,0.0325761320566224,0,0,0.170233165831552,5.05546906105226
"14","Loma Novillero","Reserva Natural","V - UICN",12.889,"1","Dense conifer forest",4.85133045553542,0.00292235434190685,0.200797365643019,0.0413901645091825,0,0,0.200797365643019,4.6505330898924
"15","Monumento Natural Miguel Domingo Fuerte","Área de Manejo de Hábitat/Especies","III - UICN",33.529,"1","Dense conifer forest",0.289375514939743,0.000174314613336798,0.0189115212921143,0.0653528730516548,0,0,0.0189115212921143,0.270463993647629
"16","Carretera El Abanico - Constanza","Paisaje Protegido","VI - UICN",22.746,"1","Dense conifer forest",0.219240736212117,0.000132066682174019,0.00705971279263366,0.0322007347475942,0,0,0.00705971279263366,0.212181023419483
"17","Francisco Alberto Caamaño Deñó","Parque Nacional","II - UICN",587.51,"1","Dense conifer forest",0.0889019156823611,5.35529174273722e-05,0.00429864851046932,0.0483527095842121,0.00314199874482996,0.730927112830381,0.00115664976563936,0.0846032671718918
"18","Hatillo","RESERVAS NATURALES","V - UICN",319.18,"1","Dense conifer forest",0.0637375943141779,3.8394382158446e-05,0.00151920232116699,0.0238352629639342,0.000848738342285156,0.5586736739799,0.000670463978881836,0.0622183919930109
"19","Autopista Duarte","Paisaje Protegido","VI - UICN",10.366,"1","Dense conifer forest",0.0579590684631539,3.49135019616965e-05,0.00245661401960784,0.0423853261404568,0,0,0.00245661401960784,0.0555024544435461
"20","Montaña La Humeadora","Parque Nacional","II - UICN",305.408,"1","Dense conifer forest",0.0337316481341553,2.03193390530729e-05,0.00474137477172852,0.140561610060423,0,0,0.00474137477172852,0.0289902733624268
"21","Aniana Vargas","Parque Nacional","II - UICN",129.627,"1","Dense conifer forest",0.0148907868395996,8.96994257017903e-06,0,0,0,NA,0,0.0148907868395996
"22","Loma Charco Azul","Área de Protección Estricta","Ib - UICN",174.189,"1","Dense conifer forest",0.0122528231426284,7.38088061402218e-06,0.000467023035386029,0.0381155452869654,0,0,0.000467023035386029,0.0117858001072424
"23","Salto de Jimenoa","Monumento Natural","III - UICN",17.431,"1","Dense conifer forest",0.00928749836194326,5.59462222007759e-06,0,0,0,NA,0,0.00928749836194326
"24","Las Neblinas","Área de Protección Estricta","Ia - UICN",40.776,"1","Dense conifer forest",0.00735317321281164,4.42941948857236e-06,0,0,0,NA,0,0.00735317321281164
"25","Ébano Verde","Área de Protección Estricta","Ia - UICN",29.899,"1","Dense conifer forest",0.00165005450744629,9.93963202139039e-07,0,0,0,NA,0,0.00165005450744629
"26","Sierra de Bahoruco","Parque Nacional","II - UICN",1092.27,"2","Open conifer forest",140.25112618556,0.21959785992902,23.9374982807992,0.170675979094304,10.0004199138797,0.417772141289352,13.9370783669195,116.313627904761
"27","José del Carmen Ramírez","Parque Nacional","II - UICN",749.758,"2","Open conifer forest",68.8139087202941,0.107745210318912,15.4014263595178,0.22381269493235,14.3907902935358,0.934380359169957,1.01063606598192,53.4124823607763
"28","Valle Nuevo","Parque Nacional","II - UICN",906.131,"2","Open conifer forest",53.8215331608961,0.0842709347274277,5.33753437801523,0.0991709835180468,2.83270052099609,0.530713307002518,2.50483385701914,48.4839987828809
"29","Armando Bermúdez","Parque Nacional","II - UICN",802.55,"2","Open conifer forest",34.0115365286118,0.0532534806508371,0.491986078191293,0.0144652705642222,0.206645723364736,0.420023517991475,0.285340354826558,33.5195504504205
"30","Alto bao","Reserva Natural","V - UICN",262.582,"2","Open conifer forest",23.711784583357,0.0371266690772514,1.76165440236821,0.0742944672163013,0,0,1.76165440236821,21.9501301809888
"31","Manolo Tavarez Justo","Parque Nacional","II - UICN",351.727,"2","Open conifer forest",15.3353677303728,0.0240113147495078,1.40517989358892,0.0916300096805543,0,0,1.40517989358892,13.9301878367839
"32","Sierra de Neiba","Parque Nacional","II - UICN",183,"2","Open conifer forest",8.60664530731347,0.0134758339705137,0.199035248621448,0.023125764047964,0.000848213012695312,0.00426162209241921,0.198187035608752,8.40761005869202
"33","Nalga de Maco","Parque Nacional","II - UICN",165.849,"2","Open conifer forest",8.41560708516568,0.0131767163385256,0.7418611011269,0.0881530106645056,0,0,0.7418611011269,7.67374598403878
"34","Baiguate","Parque Nacional","II - UICN",52.427,"2","Open conifer forest",3.92100282621031,0.00613930064470365,0.0951706748074735,0.0242720240269393,0,0,0.0951706748074735,3.82583215140284
"35","Alto Mao","Reserva Natural","V - UICN",210.115,"2","Open conifer forest",2.94883628225197,0.00461713324146021,0.434485340850165,0.147341289669142,0,0,0.434485340850165,2.51435094140181
"36","Loma Charco Azul","Área de Protección Estricta","Ib - UICN",174.189,"2","Open conifer forest",1.10554225723222,0.00173100010211746,0.169235296651865,0.15307899408165,0,0,0.169235296651865,0.936306960580355
"37","Monumento Natural Miguel Domingo Fuerte","Área de Manejo de Hábitat/Especies","III - UICN",33.529,"2","Open conifer forest",0.3963643403003,0.000620606502417413,0.0272322017075602,0.0687049740320437,0,0,0.0272322017075602,0.36913213859274
"38","Guagui","Paisaje Protegido","VI - UICN",41.474,"2","Open conifer forest",0.276836378639215,0.000433455886972625,0.0122683863244629,0.0443163806172007,0,0,0.0122683863244629,0.264567992314752
"39","Francisco Alberto Caamaño Deñó","Parque Nacional","II - UICN",587.51,"2","Open conifer forest",0.264658240953884,0.000414387997492141,0.0092290987058608,0.0348717601711445,0.0033417045087029,0.362083515975487,0.0058873941971579,0.255429142248023
"40","Carretera Bayacanes-Jarabacoa","Paisaje Protegido","VI - UICN",16.227,"2","Open conifer forest",0.250509988247843,0.000392235405206565,0.0199451349000244,0.0796181223731951,0,0,0.0199451349000244,0.230564853347819
"41","Carretera El Abanico - Constanza","Paisaje Protegido","VI - UICN",22.746,"2","Open conifer forest",0.215316440195066,0.000337131192884777,0.0131732669876805,0.0611809621956696,0,0,0.0131732669876805,0.202143173207386
"42","Hatillo","RESERVAS NATURALES","V - UICN",319.18,"2","Open conifer forest",0.206862578653002,0.000323894579723345,0.00515168082336425,0.0249038799424707,0,0,0.00515168082336425,0.201710897829638
"43","Salto de Jimenoa","Monumento Natural","III - UICN",17.431,"2","Open conifer forest",0.160756300805525,0.000251703787250114,0.00372929849824793,0.0231984592800468,0,0,0.00372929849824793,0.157027002307277
"44","Las Neblinas","Área de Protección Estricta","Ia - UICN",40.776,"2","Open conifer forest",0.142854850801679,0.000223674635418065,0.0333221841329753,0.233259031429289,0.0191654476105335,0.575155804134927,0.0141567365224418,0.109532666668704
"45","Cerro Chacuey","Reserva Natural","V - UICN",51.893,"2","Open conifer forest",0.113810784813232,0.000178198959691499,0.0432744654510498,0.380231675952898,0,0,0.0432744654510498,0.0705363193621822
"46","Picky Lora","Parque Nacional","II - UICN",112.276,"2","Open conifer forest",0.0578590660119629,9.05926919753112e-05,0.0322312651971436,0.557065079316688,0,0,0.0322312651971436,0.0256278008148193
"47","Carretera Cabral - Polo","Paisaje Protegido","VI - UICN",10.156,"2","Open conifer forest",0.0378758246990033,5.93039804610438e-05,0.00224577939880371,0.0592932145148197,0,0,0.00224577939880371,0.0356300453001996
"48","Cerro de San Francisco","Monumento Natural","III - UICN",4.025,"2","Open conifer forest",0.0207606983361816,3.25060129586812e-05,0.000803706262207031,0.0387128722354362,0,0,0.000803706262207031,0.0199569920739746
"49","Ébano Verde","Área de Protección Estricta","Ia - UICN",29.899,"2","Open conifer forest",0.0163103882187907,2.5537950709352e-05,0,0,0,NA,0,0.0163103882187907
"50","Guanito","Reserva Natural","V - UICN",68.945,"2","Open conifer forest",0.00167800709838867,2.62733553571846e-06,0,0,0,NA,0,0.00167800709838867
"51","Autopista Duarte","Paisaje Protegido","VI - UICN",10.366,"2","Open conifer forest",0.000141422508781882,2.21431949382035e-07,0,0,0,NA,0,0.000141422508781882
"52","Valle Nuevo","Parque Nacional","II - UICN",906.131,"4","Wet broadleaf forest",189.228217177585,0.198819729088235,7.71085411894589,0.0407489656350219,2.03020307366943,0.263291594206294,5.68065104527646,181.517363058639
"53","Armando Bermúdez","Parque Nacional","II - UICN",802.55,"4","Wet broadleaf forest",169.607778582573,0.178204778822167,0.804783456820224,0.00474496785198097,0.00338351916503906,0.00420426033408747,0.801399937655185,168.802995125753
"54","Sierra de Bahoruco","Parque Nacional","II - UICN",1092.27,"4","Wet broadleaf forest",92.6213886130876,0.0973161385045884,7.5607112971022,0.0816302952300356,0.668393794250488,0.0884035599278422,6.89231750285171,85.0606773159854
"55","Sierra de Neiba","Parque Nacional","II - UICN",183,"4","Wet broadleaf forest",68.5010905308169,0.0719732419653053,2.37498030752347,0.0346706934023924,0.0305357661743164,0.0128572713119284,2.34444454134916,66.1261102232934
"56","José del Carmen Ramírez","Parque Nacional","II - UICN",749.758,"4","Wet broadleaf forest",65.080512076455,0.0683792828202849,11.0675889195606,0.170059954453933,5.67129368005372,0.512423593004112,5.39629523950685,54.0129231568944
"57","Manolo Tavarez Justo","Parque Nacional","II - UICN",351.727,"4","Wet broadleaf forest",46.219471800357,0.048562222902118,4.01830095969717,0.0869395690425465,0,0,4.01830095969717,42.2011708406598
"58","Nalga de Maco","Parque Nacional","II - UICN",165.849,"4","Wet broadleaf forest",38.6994438159981,0.0406610232349297,3.11224128777945,0.0804208273012148,0.00253590490722656,0.000814816292420535,3.10970538287222,35.5872025282187
"59","Alto bao","Reserva Natural","V - UICN",262.582,"4","Wet broadleaf forest",31.4258650489284,0.033018764688396,2.63548964011306,0.0838637102275384,0,0,2.63548964011306,28.7903754088153
"60","Ébano Verde","Área de Protección Estricta","Ia - UICN",29.899,"4","Wet broadleaf forest",21.2075652472451,0.0222825244562828,0.409122643661612,0.0192913537641836,0,0,0.409122643661612,20.7984426035835
"61","Salto de Jimenoa","Monumento Natural","III - UICN",17.431,"4","Wet broadleaf forest",7.36541268865907,0.00773874730325212,0.00842641003929707,0.00114405131056283,0,0,0.00842641003929707,7.35698627861977
"62","Alto Mao","Reserva Natural","V - UICN",210.115,"4","Wet broadleaf forest",5.32306163248902,0.00559287450612206,0.483279951460255,0.0907898470516633,0,0,0.483279951460255,4.83978168102877
"63","Baiguate","Parque Nacional","II - UICN",52.427,"4","Wet broadleaf forest",4.19502885914957,0.00440766453192712,0.0211957628869628,0.00505259048235962,0,0,0.0211957628869628,4.17383309626261
"64","Las Neblinas","Área de Protección Estricta","Ia - UICN",40.776,"4","Wet broadleaf forest",2.88527750048872,0.00303152510522885,0.232921094625615,0.0807274498158884,0.0651550077531403,0.27972995686744,0.167766086872475,2.65235640586311
"65","Carretera El Abanico - Constanza","Paisaje Protegido","VI - UICN",22.746,"4","Wet broadleaf forest",0.714922291118987,0.000751159939883714,0.0139680624951172,0.019537875190959,0,0,0.0139680624951172,0.70095422862387
"66","Loma Isabel de Torres","Monumento Natural","III - UICN",16.605,"4","Wet broadleaf forest",0.144010319064262,0.000151309847174623,0.0115413712596436,0.0801426684881756,0,0,0.0115413712596436,0.132468947804618
"67","Bahia de Luperón","Área de Manejo de Hábitat/Especies","IV - UICN",18.685,"4","Wet broadleaf forest",0.105898694096838,0.00011126643787682,0.0249706937585449,0.235797938506311,0,0,0.0249706937585449,0.0809280003382931
"68","Loma Charco Azul","Área de Protección Estricta","Ib - UICN",174.189,"4","Wet broadleaf forest",0.0913054656786965,9.59335146801981e-05,0.0181214906650726,0.198471039278656,0,0,0.0181214906650726,0.0731839750136239
"69","Cerro Chacuey","Reserva Natural","V - UICN",51.893,"4","Wet broadleaf forest",0.0668417859729004,7.02298313492753e-05,0.0215264144580078,0.322050258602234,0,0,0.0215264144580078,0.0453153715148926
"70","Saltos de Jima","Monumento Natural","III - UICN",18.564,"4","Wet broadleaf forest",0.0151785130596924,1.59478744740177e-05,0,0,0,NA,0,0.0151785130596924
"71","Aniana Vargas","Parque Nacional","II - UICN",129.627,"4","Wet broadleaf forest",0.00682425968383789,7.17016458647443e-06,0,0,0,NA,0,0.00682425968383789
"72","Luis Quin","Parque Nacional","II - UICN",197.294,"4","Wet broadleaf forest",0.0016138013671875,1.69560098072122e-06,0,0,0,NA,0,0.0016138013671875
"73","Montaña La Humeadora","Parque Nacional","II - UICN",305.408,"4","Wet broadleaf forest",0.000847382934570312,8.90334686856732e-07,0,0,0,NA,0,0.000847382934570312
"74","Carretera Santiago - La Cumbre - Puerto Plata","Paisaje Protegido","VI - UICN",20.98,"4","Wet broadleaf forest",0.00021508125903799,2.25983197916822e-07,0,0,0,NA,0,0.00021508125903799
"75","Autopista Duarte","Paisaje Protegido","VI - UICN",10.366,"4","Wet broadleaf forest",2.95657117560892e-05,3.10643248101309e-08,0,0,0,NA,0,2.95657117560892e-05
"76","Los Haitises","Parque Nacional","II - UICN",631.681,"6","Moist broadleaf forest",177.909479707826,0.0693179058483718,26.0057566162256,0.146174091784957,1.5126305142851,0.0581652184401868,24.4931261019405,151.9037230916
"77","Montaña La Humeadora","Parque Nacional","II - UICN",305.408,"6","Moist broadleaf forest",122.197711776894,0.0476112318115256,4.21369583717952,0.0344826083558161,0,0,4.21369583717952,117.984015939714
"78","Armando Bermúdez","Parque Nacional","II - UICN",802.55,"6","Moist broadleaf forest",116.104883415768,0.045237316136091,0.647442855810118,0.00557636196482481,0.220740441870117,0.340941968683728,0.426702413940001,115.457440559958
"79","Sierra de Bahoruco","Parque Nacional","II - UICN",1092.27,"6","Moist broadleaf forest",101.667672911048,0.0396122240942121,8.57592448231672,0.0843525206859023,0.582196859896072,0.067887358511207,7.99372762242064,93.0917484287313
"80","Sierra Martín García","Parque Nacional","II - UICN",261.503,"6","Moist broadleaf forest",54.8823832497437,0.021383525380928,3.82733322159759,0.0697370083981449,0.535216963623046,0.139840701771883,3.29211625797454,51.0550500281461
"81","Luis Quin","Parque Nacional","II - UICN",197.294,"6","Moist broadleaf forest",53.6226194514838,0.0208926904433947,0.647026268861025,0.0120662935805744,0,0,0.647026268861025,52.9755931826228
"82","Valle Nuevo","Parque Nacional","II - UICN",906.131,"6","Moist broadleaf forest",52.9343225517311,0.0206245130546961,0.908820412370469,0.0171688305160098,0.032194513671875,0.0354245054728716,0.876625898698593,52.0255021393606
"83","Loma Quita Espuela","Área de Protección Estricta","Ia - UICN",75.737,"6","Moist broadleaf forest",38.3541407929792,0.0149437158983832,0.528393781220069,0.0137767075547888,0,0,0.528393781220069,37.8257470117591
"84","Manolo Tavarez Justo","Parque Nacional","II - UICN",351.727,"6","Moist broadleaf forest",35.5963080125441,0.0138691964667391,2.12155961370448,0.0596005521965043,0,0,2.12155961370448,33.4747483988396
"85","José del Carmen Ramírez","Parque Nacional","II - UICN",749.758,"6","Moist broadleaf forest",34.2369744663623,0.013339566708249,4.10234878562571,0.119822176158009,2.92911059508033,0.714008181201873,1.17323819054538,30.1346256807366
"86","Francisco Alberto Caamaño Deñó","Parque Nacional","II - UICN",587.51,"6","Moist broadleaf forest",29.3160639226286,0.0114222590171749,0.935373006100184,0.0319065004281897,0.0347986838989258,0.0372030020879164,0.900574322201258,28.3806909165284
"87","Hatillo","RESERVAS NATURALES","V - UICN",319.18,"6","Moist broadleaf forest",27.3556384671545,0.0106584290775423,0.900158031148409,0.0329057584318206,0.00872384345272289,0.00969145766726442,0.891434187695686,26.4554804360061
"88","Alto Mao","Reserva Natural","V - UICN",210.115,"6","Moist broadleaf forest",22.4479749367141,0.00874628274842462,3.02017118628251,0.134540919383466,0,0,3.02017118628251,19.4278037504316
"89","Las Neblinas","Área de Protección Estricta","Ia - UICN",40.776,"6","Moist broadleaf forest",22.3540987972987,0.00870970629727602,0.780203811632408,0.0349020472132247,0,0,0.780203811632408,21.5738949856663
"90","Lagunas Cabarete y Goleta","Monumento Natural","III - UICN",71.801,"6","Moist broadleaf forest",22.0219354363524,0.00858028728813628,1.84746321903201,0.0838919551086473,0.002565600828642,0.00138871551120042,1.84489761820336,20.1744722173204
"91","Alto bao","Reserva Natural","V - UICN",262.582,"6","Moist broadleaf forest",21.5163387082008,0.0083832943765904,1.4847915993473,0.0690076327336018,0,0,1.4847915993473,20.0315471088535
"92","Nalga de Maco","Parque Nacional","II - UICN",165.849,"6","Moist broadleaf forest",18.7308526999685,0.00729800056775178,1.22487323092953,0.0653933513091794,0,0,1.22487323092953,17.505979469039
"93","La Salcedoa","Área de Protección Estricta","Ia - UICN",41.216,"6","Moist broadleaf forest",16.784961723857,0.00653983361849865,3.31390071383022,0.197432723907858,0,0,3.31390071383022,13.4710610100268
"94","Monumento Natural Miguel Domingo Fuerte","Área de Manejo de Hábitat/Especies","III - UICN",33.529,"6","Moist broadleaf forest",16.4638779463264,0.00641473148736513,0.874625619696732,0.0531239130020329,0,0,0.874625619696732,15.5892523266297
"95","Loma Charco Azul","Área de Protección Estricta","Ib - UICN",174.189,"6","Moist broadleaf forest",14.3127128922165,0.00557658471221867,1.98450389944575,0.138653231877862,0,0,1.98450389944575,12.3282089927707
"96","Loma Guaconejo","Área de Protección Estricta","Ia - UICN",23.371,"6","Moist broadleaf forest",13.7702729731918,0.00536523678799843,0.165050307561524,0.0119859866164488,0,0,0.165050307561524,13.6052226656303
"97","Saltos de la Jalda","Parque Nacional","II - UICN",36.434,"6","Moist broadleaf forest",9.73277435453591,0.00379212809491169,0.397269510648564,0.0408177048164503,0,0,0.397269510648564,9.33550484388734
"98","Anacaona","Parque Nacional","II - UICN",538.931,"6","Moist broadleaf forest",9.39205200504432,0.00365937429347693,0.0969287108085722,0.0103202911096014,0,0,0.0969287108085722,9.29512329423575
"99","Cabeza de Toro","RESERVAS NATURALES","V - UICN",375.619,"6","Moist broadleaf forest",9.38251534887,0.00365565857784511,0.0969287108085722,0.0103307809478027,0,0,0.0969287108085722,9.28558663806143
"100","Loma Barbacoa","Área de Protección Estricta","Ia - UICN",13.708,"6","Moist broadleaf forest",8.88683632263168,0.00346252984671607,0.255515814454056,0.0287521683957817,0,0,0.255515814454056,8.63132050817762
"101","Ébano Verde","Área de Protección Estricta","Ia - UICN",29.899,"6","Moist broadleaf forest",5.83775814465809,0.00227453405013344,0.00275537058572687,0.00047199121948005,0,0,0.00275537058572687,5.83500277407236
"102","Salto de Socoa","Monumento Natural","III - UICN",68.303,"6","Moist broadleaf forest",4.83568457607923,0.0018841015594423,0.981843909520312,0.203041346901991,0.000846623107910156,0.000862278718339029,0.980997286412401,3.85384066655892
"103","Autovia Santo Domingo - Samana - Boulevar del Atlantico","Paisaje Protegido","VI - UICN",103.411,"6","Moist broadleaf forest",4.65125865739873,0.00181224468881299,1.10790669856136,0.238195030671757,0,0,1.10790669856136,3.54335195883737
"104","Las Caobas","Monumento Natural","III - UICN",105.472,"6","Moist broadleaf forest",4.41214947923325,0.00171908187631544,1.89146471999647,0.428694614472847,0,0,1.89146471999647,2.52068475923678
"105","Carretera El Abanico - Constanza","Paisaje Protegido","VI - UICN",22.746,"6","Moist broadleaf forest",4.23105708716194,0.00164852382958251,0.0738637667009564,0.0174575207044776,0,0,0.0738637667009564,4.15719332046098
"106","Salto de Jimenoa","Monumento Natural","III - UICN",17.431,"6","Moist broadleaf forest",3.73894453499776,0.00145678468440745,0.031181376570334,0.00833961998592547,0,0,0.031181376570334,3.70776315842743
"107","Aniana Vargas","Parque Nacional","II - UICN",129.627,"6","Moist broadleaf forest",3.5393963804915,0.00137903581903503,0.257087292425085,0.0726359143728864,0,0,0.257087292425085,3.28230908806642
"108","Guagui","Paisaje Protegido","VI - UICN",41.474,"6","Moist broadleaf forest",3.46167577136067,0.00134875395954639,0.0627039348773194,0.0181137515523797,0,0,0.0627039348773194,3.39897183648335
"109","Villarpando","Reserva Natural","V - UICN",79.551,"6","Moist broadleaf forest",3.24370121630181,0.00126382571564548,0.0605195119737645,0.0186575482567916,0,0,0.0605195119737645,3.18318170432805
"110","Salto El Limón","Monumento Natural","III - UICN",16.475,"6","Moist broadleaf forest",2.72793973436541,0.00106287236620172,0.195481048771156,0.0716588589947829,0,0,0.195481048771156,2.53245868559425
"111","Bahia de Luperón","Área de Manejo de Hábitat/Especies","IV - UICN",18.685,"6","Moist broadleaf forest",2.60703048016931,0.00101576314913062,0.10429293357666,0.040004493376651,0,0,0.10429293357666,2.50273754659265
"112","Saltos de Jima","Monumento Natural","III - UICN",18.564,"6","Moist broadleaf forest",2.36228385086283,0.000920403847114594,0.0748733000222886,0.0316953019828421,0,0,0.0748733000222886,2.28741055084054
"113","Cerro Chacuey","Reserva Natural","V - UICN",51.893,"6","Moist broadleaf forest",2.25263109536046,0.000877680438590155,0.551378811776734,0.244771020391381,0.0059094453125,0.0107175778000205,0.545469366464233,1.70125228358373
"114","Sierra de Neiba","Parque Nacional","II - UICN",183,"6","Moist broadleaf forest",1.92132267800293,0.000748594536484894,0.470156335066105,0.244704515513655,0,0,0.470156335066105,1.45116634293683
"115","Cabo Cabrón","Parque Nacional","II - UICN",35.623,"6","Moist broadleaf forest",1.6366717409814,0.000637687535438557,0.185968958468628,0.113626302582285,0.0185866031494141,0.0999446536801978,0.167382355319214,1.45070278251277
"116","Baiguate","Parque Nacional","II - UICN",52.427,"6","Moist broadleaf forest",1.60076378030895,0.000623696911435903,0.043321198893605,0.0270628305228419,0,0,0.043321198893605,1.55744258141535
"117","Salto Grande","Monumento Natural","III - UICN",14.759,"6","Moist broadleaf forest",1.52478631471041,0.000594094223509399,0.13745832308622,0.0901492371488961,0,0,0.13745832308622,1.38732799162419
"118","Río Higuamo","Área de Manejo de Hábitat/Especies","IV - UICN",18.493,"6","Moist broadleaf forest",1.39519451497209,0.000543602073300571,0.0142828424343501,0.0102371692843387,0,0,0.0142828424343501,1.38091167253774
"119","Carretera Bayacanes-Jarabacoa","Paisaje Protegido","VI - UICN",16.227,"6","Moist broadleaf forest",1.26248331778029,0.000491894529177158,0.0497192956593496,0.0393821407056425,0,0,0.0497192956593496,1.21276402212094
"120","Gran Estero","Área de Manejo de Hábitat/Especies","IV - UICN",152.16,"6","Moist broadleaf forest",1.22784385174608,0.000478398141861875,0.108386881423562,0.0882741573934086,0,0,0.108386881423562,1.11945697032252
"121","Río Cumayasa y Cueva de las Maravillas","Monumento Natural","III - UICN",88.76,"6","Moist broadleaf forest",1.20175378149966,0.00046823280926752,0.227159184885687,0.189023066440629,0,0,0.227159184885687,0.974594596613973
"122","Humedales del Ozama","Parque Nacional","II - UICN",46.418,"6","Moist broadleaf forest",1.15875204314931,0.000451478275134875,0.0265073197753906,0.0228757480360923,0,0,0.0265073197753906,1.13224472337392
"123","Barrero","RESERVAS NATURALES","V - UICN",310.642,"6","Moist broadleaf forest",1.15707264040575,0.000450823938550615,0.00555309016174317,0.00479925803084913,0,0,0.00555309016174317,1.15151955024401
"124","Salto de La Damajagua","Monumento Natural","III - UICN",5.526,"6","Moist broadleaf forest",0.909383663540072,0.000354318225610241,0.032093272504811,0.035291234922648,0,0,0.032093272504811,0.877290391035261
"125","Carretera Santiago - La Cumbre - Puerto Plata","Paisaje Protegido","VI - UICN",20.98,"6","Moist broadleaf forest",0.907708289989445,0.000353665458898575,0.078825128621448,0.0868397143562109,0,0,0.078825128621448,0.828883161367997
"126","Picky Lora","Parque Nacional","II - UICN",112.276,"6","Moist broadleaf forest",0.891438113647378,0.000347326198316913,0.00732028254638673,0.0082117675184824,0,0,0.00732028254638673,0.884117831100991
"127","Manglar de la Jina","Área de Manejo de Hábitat/Especies","IV - UICN",52.864,"6","Moist broadleaf forest",0.880091678894939,0.000342905348471385,0.0306474828509521,0.0348230571722183,0,0,0.0306474828509521,0.849444196043987
"128","Río Soco","Área de Manejo de Hábitat/Especies","IV - UICN",11.764,"6","Moist broadleaf forest",0.756464977500196,0.000294737347183882,0.0765576909404178,0.101204541145328,0,0,0.0765576909404178,0.679907286559778
"129","Carretera Cabral - Polo","Paisaje Protegido","VI - UICN",10.156,"6","Moist broadleaf forest",0.634898957235623,0.000247372237910898,0.039334796887803,0.0619544203680353,0,0,0.039334796887803,0.59556416034782
"130","La Tinaja","Monumento Natural","III - UICN",29.519,"6","Moist broadleaf forest",0.587383660206763,0.000228859110385524,0.0389059301489258,0.0662359762190707,0,0,0.0389059301489258,0.548477730057837
"131","Mirador del Atlántico","Paisaje Protegido","VI - UICN",12.116,"6","Moist broadleaf forest",0.479543641551375,0.000186841988689045,0.0151478932615799,0.0315881432867609,0,0,0.0151478932615799,0.464395748289795
"132","Manglares del Bajo Yuna","Parque Nacional","II - UICN",121.155,"6","Moist broadleaf forest",0.425631638654963,0.000165836547343211,0.00641832441172162,0.0150795284673954,0,0,0.00641832441172162,0.419213314243241
"133","Jaragua","Parque Nacional","II - UICN",1535.015,"6","Moist broadleaf forest",0.387890000098877,0.00015113147737004,0.0667720975971512,0.172141838098766,0,0,0.0667720975971512,0.321117902501726
"134","Loma Novillero","Reserva Natural","V - UICN",12.889,"6","Moist broadleaf forest",0.328412976752516,0.000127957767283117,0.0212786410938816,0.0647923273443506,0,0,0.0212786410938816,0.307134335658634
"135","Lagunas Redonda y Limón","Área de Manejo de Hábitat/Especies","IV - UICN",32.253,"6","Moist broadleaf forest",0.294751510142755,0.000114842432580292,0.00268602777838015,0.00911285501838233,0,0,0.00268602777838015,0.292065482364375
"136","El Saltadero","Monumento Natural","III - UICN",2.38,"6","Moist broadleaf forest",0.27560903328991,0.000107384053125924,0.0165358535324085,0.0599975020231454,0,0,0.0165358535324085,0.259073179757501
"137","Diego de Ocampo","Monumento Natural","III - UICN",25.344,"6","Moist broadleaf forest",0.272689312075571,0.000106246457981633,0.00636660124833649,0.0233474542873616,0,0,0.00636660124833649,0.266322710827235
"138","Sierra Prieta","Área de Protección Estricta","Ib - UICN",4,"6","Moist broadleaf forest",0.222447210220023,8.66709002779813e-05,0.00702524128597484,0.031581611111356,0.000848119689941406,0.120724634986501,0.00617712159603343,0.215421968934048
"139","Cotubanamá  (Del Este)","Parque Nacional","II - UICN",796.405,"6","Moist broadleaf forest",0.110826708280034,4.31808093793354e-05,0.0140667859553654,0.126925956510607,0,0,0.0140667859553654,0.0967599223246687
"140","Loma Isabel de Torres","Monumento Natural","III - UICN",16.605,"6","Moist broadleaf forest",0.100381777061868,3.91112074673823e-05,0.00428909628173828,0.0427278377338827,0,0,0.00428909628173828,0.0960926807801297
"141","Reserva Antropológica Cuevas de Borbón o del Pomier","Monumento Natural","III - UICN",5.022,"6","Moist broadleaf forest",0.0598226269542452,2.33083657465962e-05,0,0,0,NA,0,0.0598226269542452
"142","Autopista Duarte","Paisaje Protegido","VI - UICN",10.366,"6","Moist broadleaf forest",0.056525350854485,2.20236659396234e-05,0.000601572463690066,0.0106425250723116,0,0,0.000601572463690066,0.0559237783907949
"143","Punta Espada","Parque Nacional","II - UICN",82.238,"6","Moist broadleaf forest",0.0526635603588867,2.05190174497305e-05,0.00254860455322266,0.0483940800024659,0,0,0.00254860455322266,0.050114955805664
"144","Río Dulce","Área de Manejo de Hábitat/Especies","IV - UICN",1.918,"6","Moist broadleaf forest",0.0331339425229588,1.29097983534308e-05,0.00308251226806641,0.0930318589745398,0,0,0.00308251226806641,0.0300514302548924
"145","Guaraguao - Punta Catuano","Paisaje Protegido","VI - UICN",18.595,"6","Moist broadleaf forest",0.0318461821065028,1.2408055245364e-05,0,0,0,NA,0,0.0318461821065028
"146","Laguna Gri-Grí","Monumento Natural","III - UICN",16.151,"6","Moist broadleaf forest",0.0306784286267808,1.19530697893084e-05,0,0,0,NA,0,0.0306784286267808
"147","Cerro de San Francisco","Monumento Natural","III - UICN",4.025,"6","Moist broadleaf forest",0.0298226433191875,1.16196348004838e-05,0.000710670402832031,0.0238298931193264,0,0,0.000710670402832031,0.0291119729163555
"148","Cabo Francés Viejo","Monumento Natural","III - UICN",0.247,"6","Moist broadleaf forest",0.0198697782320126,7.74175394687577e-06,0.00150076809509277,0.0755301884887095,0,0,0.00150076809509277,0.0183690101369198
"149","Loma El 20","Reserva Natural","V - UICN",0,"6","Moist broadleaf forest",0.018488331940918,7.20350851949361e-06,0,0,0,NA,0,0.018488331940918
"150","Laguna Saladilla","Área de Manejo de Hábitat/Especies","IV - UICN",31.114,"6","Moist broadleaf forest",0.0140302378118896,5.46652547841749e-06,0.000792548917236328,0.0564886303327446,0,0,0.000792548917236328,0.0132376888946533
"151","Mirador del Paraíso","Paisaje Protegido","VI - UICN",21.359,"6","Moist broadleaf forest",0.012162062520752,4.73863847008043e-06,0.0019151490234375,0.157469098696845,0,0,0.0019151490234375,0.0102469134973145
"152","Bosque Húmedo de Río San Juan","Monumento Natural","III - UICN",1.593,"6","Moist broadleaf forest",0.00790535912081371,3.08012220672032e-06,0,0,0,NA,0,0.00790535912081371
"153","Río Cana","Reserva Natural","V - UICN",259.947,"6","Moist broadleaf forest",0.00658896189880371,2.56722149539114e-06,0,0,0,NA,0,0.00658896189880371
"154","Máximo Gómez","Parque Nacional","II - UICN",42.295,"6","Moist broadleaf forest",0.0047904965894919,1.86649520926421e-06,0,0,0,NA,0,0.0047904965894919
"155","La Gran Laguna o Perucho","Área de Manejo de Hábitat/Especies","IV - UICN",7.32,"6","Moist broadleaf forest",0.00397446101286047,1.54854769256777e-06,0,0,0,NA,0,0.00397446101286047
"156","Guanito","Reserva Natural","V - UICN",68.945,"6","Moist broadleaf forest",0.00347123793163344,1.3524796122018e-06,0,0,0,NA,0,0.00347123793163344
"157","Hoyo Claro","Monumento Natural","III - UICN",39.296,"6","Moist broadleaf forest",0.00318205901489258,1.23980839897079e-06,0.00238442196899414,0.7493330443699,0,0,0.00238442196899414,0.000797637045898439
"158","Autopista Juan Bosch","Paisaje Protegido","VI - UICN",5.556,"6","Moist broadleaf forest",0.00269294513286276,1.04923760937962e-06,0.000282195525926777,0.104790670438497,0,0,0.000282195525926777,0.00241074960693598
"159","Laguna Mallén","Área de Manejo de Hábitat/Especies","IV - UICN",1.413,"6","Moist broadleaf forest",0.00219088300842285,8.53621866311221e-07,0,0,0,NA,0,0.00219088300842285
"160","Lago Enriquillo e Isla Cabritos","Parque Nacional","II - UICN",404.934,"6","Moist broadleaf forest",0.00161277837402344,6.28378092434663e-07,0,0,0,NA,0,0.00161277837402344
"161","Submarino Monte Cristi","Parque Nacional","II - UICN",245.214,"6","Moist broadleaf forest",0.00156061445380955,6.08053747065283e-07,0,0,0,NA,0,0.00156061445380955
"162","Cañón Río Gurabo","Área de Manejo de Hábitat/Especies","IV - UICN",30.16,"6","Moist broadleaf forest",0.0008439609375,3.28827923623877e-07,0,0,0,NA,0,0.0008439609375
"163","Entrada de Mao","Paisaje Protegido","VI - UICN",54.367,"6","Moist broadleaf forest",0.000378302927964154,1.47396118440951e-07,0.000378302927964154,1,0,0,0.000378302927964154,0
"164","Cayos Siete Hermanos","Área de Manejo de Hábitat/Especies","IV - UICN",115.376,"6","Moist broadleaf forest",0.000176838182373047,6.89005020770282e-08,0,0,0,NA,0,0.000176838182373047
"165","Villa Elisa","Área de Protección Estricta","Ia - UICN",0.426,"6","Moist broadleaf forest",0.000124417122730928,4.84759688665899e-08,0,0,0,NA,0,0.000124417122730928
"166","Cotubanamá  (Del Este)","Parque Nacional","II - UICN",796.405,"8","Semi-moist broadleaf forest",293.178625181629,0.191997633262556,6.03081088300095,0.0205704316925042,0,0,6.03081088300095,287.147814298628
"167","Sierra de Bahoruco","Parque Nacional","II - UICN",1092.27,"8","Semi-moist broadleaf forest",89.4867354711626,0.058603322149463,13.8811938587953,0.155120127979957,0.268932269362027,0.019373857327958,13.6122615894333,75.6055416123673
"168","Jaragua","Parque Nacional","II - UICN",1535.015,"8","Semi-moist broadleaf forest",49.1873198617737,0.0322119287998512,1.83457672598401,0.0372977574533343,0,0,1.83457672598401,47.3527431357897
"169","Punta Espada","Parque Nacional","II - UICN",82.238,"8","Semi-moist broadleaf forest",17.1395120577737,0.0112243713140033,4.79803799315311,0.279940174316511,0,0,4.79803799315311,12.3414740646206
"170","Sierra Martín García","Parque Nacional","II - UICN",261.503,"8","Semi-moist broadleaf forest",15.0886208292103,0.00988127796359561,0.924850370100707,0.0612945596929757,0.127432539001465,0.137787195768315,0.797417831099242,14.1637704591096
"171","Aniana Vargas","Parque Nacional","II - UICN",129.627,"8","Semi-moist broadleaf forest",14.7233702903861,0.00964208167512583,1.12437845801897,0.0763669211493755,0.00677299963378906,0.0060237721431646,1.11760545838518,13.5989918323671
"172","Las Caobas","Monumento Natural","III - UICN",105.472,"8","Semi-moist broadleaf forest",13.2364558542311,0.00866832701470737,3.89323049708998,0.294129375715441,0,0,3.89323049708998,9.34322535714112
"173","Guaraguao - Punta Catuano","Paisaje Protegido","VI - UICN",18.595,"8","Semi-moist broadleaf forest",9.92870527770896,0.00650213811972342,0.00169980017089844,0.000171200586919884,0,0,0.00169980017089844,9.92700547753806
"174","Loma Charco Azul","Área de Protección Estricta","Ib - UICN",174.189,"8","Semi-moist broadleaf forest",9.71561759933561,0.00636259066840513,2.04364487413566,0.210346367921624,0,0,2.04364487413566,7.67197272519995
"175","Cerro Chacuey","Reserva Natural","V - UICN",51.893,"8","Semi-moist broadleaf forest",8.84909768152182,0.00579512169520818,2.4492076486106,0.276774846064237,0.00844206414794922,0.00344685521161845,2.44076558446265,6.39989003291122
"176","Hoyo Claro","Monumento Natural","III - UICN",39.296,"8","Semi-moist broadleaf forest",7.68196497029507,0.00503078657998611,0.885422899583323,0.115259950156908,0,0,0.885422899583323,6.79654207071175
"177","Loma Isabel de Torres","Monumento Natural","III - UICN",16.605,"8","Semi-moist broadleaf forest",7.30129736778375,0.00478149392198069,0.132942607425544,0.018208080116301,0,0,0.132942607425544,7.16835476035821
"178","Anacaona","Parque Nacional","II - UICN",538.931,"8","Semi-moist broadleaf forest",6.62323789133,0.004337444446649,0.0811678299970559,0.0122550074946435,0,0,0.0811678299970559,6.54207006133294
"179","Cabeza de Toro","RESERVAS NATURALES","V - UICN",375.619,"8","Semi-moist broadleaf forest",6.59362112483102,0.00431804893625266,0.0788607529505471,0.0119601583799779,0,0,0.0788607529505471,6.51476037188047
"180","Alto bao","Reserva Natural","V - UICN",262.582,"8","Semi-moist broadleaf forest",6.10661389348323,0.00399911628643005,0.590272835248308,0.096661234121618,0,0,0.590272835248308,5.51634105823492
"181","Isla Catalina","Monumento Natural","III - UICN",16.239,"8","Semi-moist broadleaf forest",3.86873631862433,0.00253356879763181,0.0311118022991943,0.00804185132737534,0,0,0.0311118022991943,3.83762451632514
"182","Alto Mao","Reserva Natural","V - UICN",210.115,"8","Semi-moist broadleaf forest",3.81138701857489,0.0024960117285517,0.797416431950816,0.209219485731726,0,0,0.797416431950816,3.01397058662407
"183","Luis Quin","Parque Nacional","II - UICN",197.294,"8","Semi-moist broadleaf forest",3.45876138489146,0.00226508327306494,0.0708431672295209,0.0204822360799382,0,0,0.0708431672295209,3.38791821766194
"184","Manolo Tavarez Justo","Parque Nacional","II - UICN",351.727,"8","Semi-moist broadleaf forest",3.18563021729102,0.0020862143745665,0.481429293357137,0.151125290921723,0,0,0.481429293357137,2.70420092393388
"185","Cabo Cabrón","Parque Nacional","II - UICN",35.623,"8","Semi-moist broadleaf forest",2.98686486093148,0.00195604636531283,0.0616412428735352,0.020637439503812,0.00337952239990234,0.054825669346672,0.0582617204736329,2.92522361805794
"186","Máximo Gómez","Parque Nacional","II - UICN",42.295,"8","Semi-moist broadleaf forest",2.86928674780531,0.00187904648365462,0.0892608959429645,0.0311090886999145,0,0,0.0892608959429645,2.78002585186235
"187","Nalga de Maco","Parque Nacional","II - UICN",165.849,"8","Semi-moist broadleaf forest",2.73962476877098,0.00179413308629045,0.448681698484466,0.163774872967639,0.00169044293212891,0.00376757718854769,0.446991255552337,2.29094307028651
"188","Valle Nuevo","Parque Nacional","II - UICN",906.131,"8","Semi-moist broadleaf forest",2.57177892597163,0.00168421373405094,0.106688620800113,0.0414843669969828,0.00423719165039063,0.0397154974786788,0.102451429149723,2.46509030517152
"189","Mirador del Paraíso","Paisaje Protegido","VI - UICN",21.359,"8","Semi-moist broadleaf forest",2.48381569789836,0.00162660813066243,0.275773701921411,0.111028246642757,0,0,0.275773701921411,2.20804199597695
"190","Carretera Santiago - La Cumbre - Puerto Plata","Paisaje Protegido","VI - UICN",20.98,"8","Semi-moist broadleaf forest",1.79557624287005,0.00117589196265569,0.137835023739289,0.0767636708753583,0,0,0.137835023739289,1.65774121913076
"191","Guagui","Paisaje Protegido","VI - UICN",41.474,"8","Semi-moist broadleaf forest",1.78492783292529,0.00116891850234242,0.0650236399599298,0.0364292823275457,0,0,0.0650236399599298,1.71990419296536
"192","Salto de La Damajagua","Monumento Natural","III - UICN",5.526,"8","Semi-moist broadleaf forest",1.58794553154959,0.00103991818509448,0.06555282641912,0.0412815333502974,0,0,0.06555282641912,1.52239270513047
"193","Lagunas Cabarete y Goleta","Monumento Natural","III - UICN",71.801,"8","Semi-moist broadleaf forest",1.5225669336492,0.000997102867111719,0.111912596803467,0.0735025793153415,0,0,0.111912596803467,1.41065433684573
"194","Carretera Bayacanes-Jarabacoa","Paisaje Protegido","VI - UICN",16.227,"8","Semi-moist broadleaf forest",1.39766814819626,0.000915308803204515,0.118997732252951,0.0851401903996467,0,0,0.118997732252951,1.27867041594331
"195","Mirador del Atlántico","Paisaje Protegido","VI - UICN",12.116,"8","Semi-moist broadleaf forest",1.34946483240128,0.000883741281724017,0.0732868192844023,0.0543080616291374,0,0,0.0732868192844023,1.27617801311688
"196","Vía Panorámica Costa Azul","PAISAJES PROTEGIDOS","VI - UICN",18.918,"8","Semi-moist broadleaf forest",1.20302827240825,0.000787842500138716,0.357221262379071,0.296935051795564,0,0,0.357221262379071,0.845807010029179
"197","Autovia Santo Domingo - Samana - Boulevar del Atlantico","Paisaje Protegido","VI - UICN",103.411,"8","Semi-moist broadleaf forest",1.03667224319988,0.000678898801166199,0.112842883147818,0.108851070227855,0,0,0.112842883147818,0.923829360052062
"198","Picky Lora","Parque Nacional","II - UICN",112.276,"8","Semi-moist broadleaf forest",0.903973155347012,0.000591996453534045,0.0115832090209961,0.0128136648223249,0,0,0.0115832090209961,0.892389946326016
"199","Bosque Húmedo de Río San Juan","Monumento Natural","III - UICN",1.593,"8","Semi-moist broadleaf forest",0.710192577340445,0.000465092889788695,0.00127524267531451,0.00179562940532285,0,0,0.00127524267531451,0.708917334665131
"200","Villarpando","Reserva Natural","V - UICN",79.551,"8","Semi-moist broadleaf forest",0.65836680199585,0.000431153081925844,0.00215406253662109,0.00327182739179899,0,0,0.00215406253662109,0.656212739459229
"201","Sierra de Neiba","Parque Nacional","II - UICN",183,"8","Semi-moist broadleaf forest",0.610541491859014,0.000399833109841823,0.0585249228854837,0.0958574047232784,0,0,0.0585249228854837,0.55201656897353
"202","Bahia de Luperón","Área de Manejo de Hábitat/Especies","IV - UICN",18.685,"8","Semi-moist broadleaf forest",0.608871912593008,0.00039873973112972,0.0722289548907471,0.11862750341553,0,0,0.0722289548907471,0.536642957702261
"203","José del Carmen Ramírez","Parque Nacional","II - UICN",749.758,"8","Semi-moist broadleaf forest",0.583351520582694,0.000382026865848776,0.128738748926057,0.220688117513541,0.0685848318481445,0.532744278007063,0.060153917077912,0.454612771656637
"204","Carretera Cabral - Polo","Paisaje Protegido","VI - UICN",10.156,"8","Semi-moist broadleaf forest",0.576772531754167,0.000377718399351413,0.022387098570796,0.0388144326199256,0,0,0.022387098570796,0.554385433183371
"205","Diego de Ocampo","Monumento Natural","III - UICN",25.344,"8","Semi-moist broadleaf forest",0.506628621890637,0.000331782360619952,0.0094518466075966,0.018656361285559,0,0,0.0094518466075966,0.49717677528304
"206","Los Haitises","Parque Nacional","II - UICN",631.681,"8","Semi-moist broadleaf forest",0.469380461039314,0.000307389181470529,0.0323249772442627,0.0688673260337422,0.00507690295410157,0.157058206591705,0.0272480742901611,0.437055483795051
"207","Monumento Natural Miguel Domingo Fuerte","Área de Manejo de Hábitat/Especies","III - UICN",33.529,"8","Semi-moist broadleaf forest",0.396196581478518,0.000259462318930874,0.0471645342120313,0.119043263917179,0,0,0.0471645342120313,0.349032047266487
"208","Laguna Saladilla","Área de Manejo de Hábitat/Especies","IV - UICN",31.114,"8","Semi-moist broadleaf forest",0.346288849886549,0.000226778604893998,0.0583803265485265,0.168588525352904,0,0,0.0583803265485265,0.287908523338022
"209","Francisco Alberto Caamaño Deñó","Parque Nacional","II - UICN",587.51,"8","Semi-moist broadleaf forest",0.321291227705688,0.000210408092572564,0.00830240577575684,0.0258407483921786,0,0,0.00830240577575684,0.312988821929931
"210","Río Higuamo","Área de Manejo de Hábitat/Especies","IV - UICN",18.493,"8","Semi-moist broadleaf forest",0.301344484762942,0.000197345314090909,0.00351734209737142,0.0116721635046296,0,0,0.00351734209737142,0.297827142665571
"211","Hatillo","RESERVAS NATURALES","V - UICN",319.18,"8","Semi-moist broadleaf forest",0.282915554227414,0.000185276524818876,0.00749618877441407,0.0264962058904278,0,0,0.00749618877441407,0.275419365453
"212","Armando Bermúdez","Parque Nacional","II - UICN",802.55,"8","Semi-moist broadleaf forest",0.246468578687026,0.000161408028133629,0.00970380180915383,0.0393713545996305,0,0,0.00970380180915383,0.236764776877872
"213","Humedales del Ozama","Parque Nacional","II - UICN",46.418,"8","Semi-moist broadleaf forest",0.24018476309707,0.000157292865507492,0.00119054318251666,0.00495678063489602,0,0,0.00119054318251666,0.238994219914553
"214","Cerro de San Francisco","Monumento Natural","III - UICN",4.025,"8","Semi-moist broadleaf forest",0.21900305623291,0.000143421330419077,0,0,0,NA,0,0.21900305623291
"215","Boca de Nigua","Paisaje Protegido","V - UICN",5.815,"8","Semi-moist broadleaf forest",0.170405096213633,0.000111595363231637,0.00203064777832031,0.0119165906621392,0,0,0.00203064777832031,0.168374448435313
"216","Carretera El Abanico - Constanza","Paisaje Protegido","VI - UICN",22.746,"8","Semi-moist broadleaf forest",0.167673377082898,0.000109806407411565,0.00888620767570945,0.0529971294805859,0,0,0.00888620767570945,0.158787169407189
"217","Las Neblinas","Área de Protección Estricta","Ia - UICN",40.776,"8","Semi-moist broadleaf forest",0.151548423540582,9.92464529992158e-05,0.0292765272683249,0.19318265795411,0.000873104767204733,0.0298226889822882,0.0284034225011201,0.122271896272257
"218","Barrero","RESERVAS NATURALES","V - UICN",310.642,"8","Semi-moist broadleaf forest",0.104007066204561,6.81124367149431e-05,0,0,0,NA,0,0.104007066204561
"219","Gran Estero","Área de Manejo de Hábitat/Especies","IV - UICN",152.16,"8","Semi-moist broadleaf forest",0.10321562583291,6.75941360437011e-05,0.000752174287109375,0.00728740712503184,0,0,0.000752174287109375,0.102463451545801
"220","Lago Enriquillo e Isla Cabritos","Parque Nacional","II - UICN",404.934,"8","Semi-moist broadleaf forest",0.0930411472545286,6.09310452214436e-05,0.0183704481079101,0.197444342100113,0,0,0.0183704481079101,0.0746706991466184
"221","Baiguate","Parque Nacional","II - UICN",52.427,"8","Semi-moist broadleaf forest",0.0691644306767195,4.52945946780925e-05,0.0121532800708008,0.175715753775322,0,0,0.0121532800708008,0.0570111506059187
"222","Salto El Limón","Monumento Natural","III - UICN",16.475,"8","Semi-moist broadleaf forest",0.061354045005632,4.01797075924888e-05,0.000845092163085938,0.0137740252172186,0,0,0.000845092163085938,0.0605089528425461
"223","Loma Guaconejo","Área de Protección Estricta","Ia - UICN",23.371,"8","Semi-moist broadleaf forest",0.0600664629405805,3.93364922695161e-05,0.000802578137207031,0.0133615015420662,0,0,0.000802578137207031,0.0592638848033735
"224","Salto de Socoa","Monumento Natural","III - UICN",68.303,"8","Semi-moist broadleaf forest",0.0485652004900692,3.1804513535863e-05,0.025698047364502,0.52914529550345,0,0,0.025698047364502,0.0228671531255672
"225","Loma Quita Espuela","Área de Protección Estricta","Ia - UICN",75.737,"8","Semi-moist broadleaf forest",0.0484490558489559,3.17284524103425e-05,0.00164680754150391,0.0339904981149265,0,0,0.00164680754150391,0.046802248307452
"226","La Tinaja","Monumento Natural","III - UICN",29.519,"8","Semi-moist broadleaf forest",0.0473636865715212,3.10176627599911e-05,0.00410849819519043,0.086743631938076,0,0,0.00410849819519043,0.0432551883763308
"227","Loma Novillero","Reserva Natural","V - UICN",12.889,"8","Semi-moist broadleaf forest",0.0455044865041217,2.98001046502171e-05,0.00254383898925781,0.0559030369242248,0,0,0.00254383898925781,0.0429606475148639
"228","Loma la Altagracia o Loma la Enea","Monumento Natural","III - UICN",0.675,"8","Semi-moist broadleaf forest",0.0405944915802002,2.65846335218561e-05,0.000839716561889648,0.020685480448269,0,0,0.000839716561889648,0.0397547750183105
"229","Lagunas Redonda y Limón","Área de Manejo de Hábitat/Especies","IV - UICN",32.253,"8","Semi-moist broadleaf forest",0.0396816813323544,2.59868498086143e-05,0.000795678674316406,0.0200515363160193,0,0,0.000795678674316406,0.038886002658038
"230","Autopista Juan Bosch","Paisaje Protegido","VI - UICN",5.556,"8","Semi-moist broadleaf forest",0.0387888832133143,2.54021716939299e-05,0.00813120279735609,0.209627143752493,0,0,0.00813120279735609,0.0306576804159582
"231","Ría Maimón","Área de Manejo de Hábitat/Especies","IV - UICN",4.828,"8","Semi-moist broadleaf forest",0.0327777572611275,2.14655888160069e-05,0,0,0,NA,0,0.0327777572611275
"232","Cañón Río Gurabo","Área de Manejo de Hábitat/Especies","IV - UICN",30.16,"8","Semi-moist broadleaf forest",0.0314005469281006,2.05636774836849e-05,0.00251587477050781,0.0801220047621634,0,0,0.00251587477050781,0.0288846721575928
"233","Río Soco","Área de Manejo de Hábitat/Especies","IV - UICN",11.764,"8","Semi-moist broadleaf forest",0.0304687324628787,1.99534482357253e-05,0,0,0,NA,0,0.0304687324628787
"234","El Saltadero","Monumento Natural","III - UICN",2.38,"8","Semi-moist broadleaf forest",0.0303339299155393,1.98651683686957e-05,0.00135834064917471,0.0447795802573826,0,0,0.00135834064917471,0.0289755892663646
"235","Autopista 6 de Noviembre","Paisaje Protegido","VI - UICN",3.64,"8","Semi-moist broadleaf forest",0.026720357438005,1.74987019768178e-05,0.00600933668085794,0.224897316392584,0,0,0.00600933668085794,0.0207110207571471
"236","Submarino La Caleta","Parque Nacional","II - UICN",11.153,"8","Semi-moist broadleaf forest",0.0241689644925585,1.58278386703778e-05,0.00651870673105277,0.269713943808385,0,0,0.00651870673105277,0.0176502577615057
"237","Entrada de Mao","Paisaje Protegido","VI - UICN",54.367,"8","Semi-moist broadleaf forest",0.0215213205445174,1.40939422397261e-05,0.00827969856140137,0.384720749095047,0,0,0.00827969856140137,0.013241621983116
"238","Autopista Duarte","Paisaje Protegido","VI - UICN",10.366,"8","Semi-moist broadleaf forest",0.0210240912386403,1.37683153293125e-05,0,0,0,NA,0,0.0210240912386403
"239","Saltos de Jima","Monumento Natural","III - UICN",18.564,"8","Semi-moist broadleaf forest",0.0184803459307861,1.21024603290437e-05,0.0016838658770752,0.0911165777622202,0,0,0.0016838658770752,0.0167964800537109
"240","Río Cana","Reserva Natural","V - UICN",259.947,"8","Semi-moist broadleaf forest",0.0184621398492432,1.20905374797396e-05,0.00156921867553711,0.0849965761472354,0,0,0.00156921867553711,0.0168929211737061
"241","Río Cumayasa y Cueva de las Maravillas","Monumento Natural","III - UICN",88.76,"8","Semi-moist broadleaf forest",0.0181031400872803,1.18554347174015e-05,0.00375303719909667,0.207314155500219,0,0,0.00375303719909667,0.0143501028881836
"242","Manglar de la Jina","Área de Manejo de Hábitat/Especies","IV - UICN",52.864,"8","Semi-moist broadleaf forest",0.0146845991802476,9.61669114271255e-06,0,0,0,NA,0,0.0146845991802476
"243","Montaña La Humeadora","Parque Nacional","II - UICN",305.408,"8","Semi-moist broadleaf forest",0.0131376088604736,8.6035938205845e-06,0,0,0,NA,0,0.0131376088604736
"244","Don Rafael Herrera Cabral","Monumento Natural","III - UICN",0.495,"8","Semi-moist broadleaf forest",0.0129940179375431,8.5095585977112e-06,0.00218426513366699,0.168097746529661,0,0,0.00218426513366699,0.0108097528038761
"245","Manglares del Bajo Yuna","Parque Nacional","II - UICN",121.155,"8","Semi-moist broadleaf forest",0.0116352700606881,7.61973801002318e-06,0,0,0,NA,0,0.0116352700606881
"246","Río Chacuey","Área de Manejo de Hábitat/Especies","IV - UICN",38.774,"8","Semi-moist broadleaf forest",0.0114078653508756,7.47081458134651e-06,0.00332274917358398,0.291268267233619,0,0,0.00332274917358398,0.00808511617729162
"247","Laguna Gri-Grí","Monumento Natural","III - UICN",16.151,"8","Semi-moist broadleaf forest",0.0102605142348513,6.71943409219473e-06,0,0,0,NA,0,0.0102605142348513
"248","Salto de Jimenoa","Monumento Natural","III - UICN",17.431,"8","Semi-moist broadleaf forest",0.00936624856018066,6.13379490059836e-06,0.0016583387109375,0.177054740783594,0,0,0.0016583387109375,0.00770790984924316
"249","Salto Grande","Monumento Natural","III - UICN",14.759,"8","Semi-moist broadleaf forest",0.00886872442397174,5.80797491087731e-06,0,0,0,NA,0,0.00886872442397174
"250","Sierra Prieta","Área de Protección Estricta","Ib - UICN",4,"8","Semi-moist broadleaf forest",0.0063334243360476,4.14765053971886e-06,0,0,0,NA,0,0.0063334243360476
"251","La Salcedoa","Área de Protección Estricta","Ia - UICN",41.216,"8","Semi-moist broadleaf forest",0.00589857200195312,3.86287323402983e-06,0,0,0,NA,0,0.00589857200195312
"252","Cabo Francés Viejo","Monumento Natural","III - UICN",0.247,"8","Semi-moist broadleaf forest",0.00575781399618949,3.77069323982789e-06,0.000590190191650391,0.102502476120447,0,0,0.000590190191650391,0.0051676238045391
"253","Autopista 6 de Noviembre","Paisaje Protegido","VI - UICN",3.64,"8","Semi-moist broadleaf forest",0.00474611081493662,3.10814624737777e-06,0.00600933668085794,1.26616021310455,0,0,0.00600933668085794,-0.00126322586592132
"254","La Gran Laguna o Perucho","Área de Manejo de Hábitat/Especies","IV - UICN",7.32,"8","Semi-moist broadleaf forest",0.00371132514947151,2.43048293348428e-06,0,0,0,NA,0,0.00371132514947151
"255","La Gran Sabana","Parque Nacional","II - UICN",219.576,"8","Semi-moist broadleaf forest",0.00366845231567383,2.40240625287595e-06,0,0,0,NA,0,0.00366845231567383
"256","Saltos de la Jalda","Parque Nacional","II - UICN",36.434,"8","Semi-moist broadleaf forest",0.00314963795654297,2.06264366276883e-06,0,0,0,NA,0,0.00314963795654297
"257","Guanito","Reserva Natural","V - UICN",68.945,"8","Semi-moist broadleaf forest",0.00281582773967429,1.84403709976328e-06,0,0,0,NA,0,0.00281582773967429
"258","Río Dulce","Área de Manejo de Hábitat/Especies","IV - UICN",1.918,"8","Semi-moist broadleaf forest",0.00123990941894531,8.11995327933505e-07,0,0,0,NA,0,0.00123990941894531
"259","Las Marías","Monumento Natural","III - UICN",4.505,"8","Semi-moist broadleaf forest",0.00104120594820868,6.81867846508645e-07,0,0,0,NA,0,0.00104120594820868
"260","Punta Bayahibe","Monumento Natural","III - UICN",1.507,"8","Semi-moist broadleaf forest",0.000671136293334961,4.39515601920462e-07,0,0,0,NA,0,0.000671136293334961
"261","Lagunas de Bávaro y El Caletón","Área de Manejo de Hábitat/Especies","IV - UICN",6.4,"8","Semi-moist broadleaf forest",0.000333690357192096,2.18528068967267e-07,0,0,0,NA,0,0.000333690357192096
"262","Laguna Cabral o Rincón","Área de Manejo de Hábitat/Especies","IV - UICN",56.035,"8","Semi-moist broadleaf forest",0.0002719639453125,1.78104504720965e-07,0.0002719639453125,1,0,0,0.0002719639453125,0
"263","Reserva Antropológica Cuevas de Borbón o del Pomier","Monumento Natural","III - UICN",5.022,"8","Semi-moist broadleaf forest",0.000103225762120864,6.76007741241411e-08,0,0,0,NA,0,0.000103225762120864
"264","Manglares de Estero Balsa","Parque Nacional","II - UICN",56.546,"8","Semi-moist broadleaf forest",3.31630481770833e-05,2.17179092023763e-08,0,0,0,NA,0,3.31630481770833e-05
"265","Jaragua","Parque Nacional","II - UICN",1535.015,"9","Dry forest",227.968973778175,0.104904154529082,2.08392587078507,0.00914126969230833,0,0,2.08392587078507,225.88504790739
"266","Sierra de Bahoruco","Parque Nacional","II - UICN",1092.27,"9","Dry forest",155.469839881411,0.0715423324377514,7.89075994163258,0.0507542810081459,0.123283653991699,0.0156237998499029,7.76747628764088,147.579079939778
"267","Anacaona","Parque Nacional","II - UICN",538.931,"9","Dry forest",86.1051491531919,0.0396228825476289,0.661346062625098,0.00768067960080387,0,0,0.661346062625098,85.4438030905668
"268","Cabeza de Toro","RESERVAS NATURALES","V - UICN",375.619,"9","Dry forest",82.8268709514028,0.038114321986206,0.642192032092833,0.00775342620958885,0,0,0.642192032092833,82.18467891931
"269","Río Cana","Reserva Natural","V - UICN",259.947,"9","Dry forest",71.357908757347,0.0328366661615843,3.10533125929947,0.0435176886959955,0,0,3.10533125929947,68.2525774980475
"270","Hatillo","RESERVAS NATURALES","V - UICN",319.18,"9","Dry forest",68.3459024917334,0.0314506355737642,1.8980716619917,0.0277715501996815,0.000848816711425781,0.000447199506964395,1.89722284528028,66.4478308297417
"271","Francisco Alberto Caamaño Deñó","Parque Nacional","II - UICN",587.51,"9","Dry forest",64.8639028171486,0.0298483287954379,1.71232482748628,0.0263987326250369,0.000848816711425781,0.000495710099976682,1.71147601077486,63.1515779896623
"272","Picky Lora","Parque Nacional","II - UICN",112.276,"9","Dry forest",52.6219196528794,0.0242149530236255,3.30833016682269,0.0628698114520736,0.00337653759765625,0.00102061687540064,3.30495362922504,49.3135894860567
"273","Sierra Martín García","Parque Nacional","II - UICN",261.503,"9","Dry forest",52.0993269159682,0.0239744722760916,1.00115809257175,0.0192163344871332,0.0832586488037109,0.0831623391165305,0.917899443768041,51.0981688233964
"274","Loma Charco Azul","Área de Protección Estricta","Ib - UICN",174.189,"9","Dry forest",35.0502946234753,0.0161290436261241,2.18023074207215,0.0622029219866219,0.0152896989135742,0.00701288107654261,2.16494104315857,32.8700638814032
"275","Villarpando","Reserva Natural","V - UICN",79.551,"9","Dry forest",16.9564106514705,0.00780280708273617,0.647452570801796,0.0381833504808193,0,0,0.647452570801796,16.3089580806687
"276","Barrero","RESERVAS NATURALES","V - UICN",310.642,"9","Dry forest",15.4664413202366,0.00711717004021719,0.167805835224255,0.0108496732861679,0,0,0.167805835224255,15.2986354850123
"277","Las Caobas","Monumento Natural","III - UICN",105.472,"9","Dry forest",15.4617111187772,0.00711499335022019,3.72396342186483,0.240850666091047,0,0,3.72396342186483,11.7377476969124
"278","Cerro Chacuey","Reserva Natural","V - UICN",51.893,"9","Dry forest",13.295798419579,0.00611830842100574,4.68625858029473,0.352461614745444,0.00675367907714843,0.00144116654286791,4.67950490121758,8.60953983928427
"279","Manolo Tavarez Justo","Parque Nacional","II - UICN",351.727,"9","Dry forest",13.2477391031137,0.00609619303452361,2.06876081352305,0.156159537670606,0,0,2.06876081352305,11.1789782895907
"280","Arroyo Cano","Reserva Natural","V - UICN",23.899,"9","Dry forest",11.1456998407524,0.00512890065280014,0.18873892140815,0.0169337882864975,0,0,0.18873892140815,10.9569609193442
"281","Guanito","Reserva Natural","V - UICN",68.945,"9","Dry forest",9.94075862379547,0.00457442458736367,0.243535578333723,0.0244986914530613,0,0,0.243535578333723,9.69722304546175
"282","Alto Mao","Reserva Natural","V - UICN",210.115,"9","Dry forest",9.41356334767837,0.00433182589598822,1.91325684392767,0.203244698448811,0,0,1.91325684392767,7.5003065037507
"283","Río Chacuey","Área de Manejo de Hábitat/Especies","IV - UICN",38.774,"9","Dry forest",8.69105947808248,0.00399935233027529,1.24543089956691,0.143300238907316,0,0,1.24543089956691,7.44562857851557
"284","Entrada de Mao","Paisaje Protegido","VI - UICN",54.367,"9","Dry forest",8.47234234997114,0.00389870558424978,2.00317739444173,0.23643725804453,0,0,2.00317739444173,6.46916495552941
"285","Diego de Ocampo","Monumento Natural","III - UICN",25.344,"9","Dry forest",8.04018812597106,0.00369984179702664,0.289213023475962,0.0359709274142179,0,0,0.289213023475962,7.7509751024951
"286","Cañón Río Gurabo","Área de Manejo de Hábitat/Especies","IV - UICN",30.16,"9","Dry forest",6.98254324582368,0.00321314687488414,1.00318946856309,0.143671071305302,0,0,1.00318946856309,5.97935377726059
"287","Loma El 20","Reserva Natural","V - UICN",0,"9","Dry forest",5.36980563347774,0.00247101572915628,0.725428803102014,0.13509405230226,0.560374342773198,0.772473246687993,0.165054460328816,4.64437683037573
"288","Cayuco","Reserva Natural","V - UICN",5.039,"9","Dry forest",2.6062335818737,0.00119930675600531,0.00649683147268498,0.00249280475774316,0,0,0.00649683147268498,2.59973675040102
"289","Laguna Saladilla","Área de Manejo de Hábitat/Especies","IV - UICN",31.114,"9","Dry forest",2.26121431382659,0.00104053973604257,0.112669750890278,0.0498270996257802,0,0,0.112669750890278,2.14854456293631
"290","Cerro de San Francisco","Monumento Natural","III - UICN",4.025,"9","Dry forest",2.14146686067178,0.00098543572288664,0.0583124194328637,0.0272301292650269,0,0,0.0583124194328637,2.08315444123892
"291","Alto bao","Reserva Natural","V - UICN",262.582,"9","Dry forest",1.88139604000136,0.000865759307679971,0.204298633352939,0.108588850518039,0,0,0.204298633352939,1.67709740664842
"292","La Gran Sabana","Parque Nacional","II - UICN",219.576,"9","Dry forest",1.57716807974837,0.00072576316511058,0.105932700267727,0.0671663988308892,0,0,0.105932700267727,1.47123537948064
"293","José del Carmen Ramírez","Parque Nacional","II - UICN",749.758,"9","Dry forest",1.40542670838765,0.000646733185452943,0.0925713761617263,0.0658670961703346,0.00423388555908203,0.0457364439703829,0.0883374906026442,1.31285533222592
"294","Playa Blanca","Paisaje Protegido","VI - UICN",6.663,"9","Dry forest",1.18360390822235,0.000544657306788606,0.0012165922036061,0.00102787105986601,0,0,0.0012165922036061,1.18238731601874
"295","Lago Enriquillo e Isla Cabritos","Parque Nacional","II - UICN",404.934,"9","Dry forest",1.11387988639304,0.00051257250402291,0.180213384467539,0.161788884662515,0,0,0.180213384467539,0.933666501925501
"296","Bahia de Luperón","Área de Manejo de Hábitat/Especies","IV - UICN",18.685,"9","Dry forest",1.07254748186476,0.000493552630924247,0.136211467539479,0.126998076861509,0,0,0.136211467539479,0.936336014325281
"297","Carretera Cabral - Polo","Paisaje Protegido","VI - UICN",10.156,"9","Dry forest",0.969873295866424,0.00044630519854076,0.0523750830197611,0.054001984839651,0,0,0.0523750830197611,0.917498212846663
"298","Valle Nuevo","Parque Nacional","II - UICN",906.131,"9","Dry forest",0.58460350546802,0.000269016153643499,0.0271828074326603,0.0464978522680911,0,0,0.0271828074326603,0.55742069803536
"299","Mirador del Paraíso","Paisaje Protegido","VI - UICN",21.359,"9","Dry forest",0.384606005670132,0.000176983592034292,0.0468633528638127,0.121847688733198,0,0,0.0468633528638127,0.337742652806319
"300","Nalga de Maco","Parque Nacional","II - UICN",165.849,"9","Dry forest",0.368229894463898,0.000169447820511997,0.0949798013274045,0.257936150093638,0,0,0.0949798013274045,0.273250093136494
"301","Laguna Cabral o Rincón","Área de Manejo de Hábitat/Especies","IV - UICN",56.035,"9","Dry forest",0.192823878374674,8.87314865644684e-05,0.0196370338999382,0.101839222742848,0,0,0.0196370338999382,0.173186844474736
"302","Carretera Bayacanes-Jarabacoa","Paisaje Protegido","VI - UICN",16.227,"9","Dry forest",0.171845191037729,7.90777542089698e-05,0.00830076276123047,0.0483037244807627,0,0,0.00830076276123047,0.163544428276499
"303","Los Cacheos","Monumento Natural","III - UICN",55.77,"9","Dry forest",0.167350616048699,7.70094921056779e-05,0.00121332037231445,0.00725016973921011,0.00678773498535156,5.59434683553834,-0.00557441461303711,0.166137295676385
"304","Las Dunas de las Calderas","Monumento Natural","III - UICN",17.479,"9","Dry forest",0.159042676531092,7.31864395361586e-05,0,0,0,NA,0,0.159042676531092
"305","Playa de Cabo Rojo - Pedernales","Paisaje Protegido","VI - UICN",17.517,"9","Dry forest",0.154622006264634,7.11521860626755e-05,0.00845216317157342,0.0546633909089733,0,0,0.00845216317157342,0.146169843093061
"306","Las Marías","Monumento Natural","III - UICN",4.505,"9","Dry forest",0.151083439222953,6.95238487604547e-05,0.0199769074392162,0.132224336048747,0,0,0.0199769074392162,0.131106531783737
"307","Humedales del Bajo Yaque del Sur","Área de Manejo de Hábitat/Especies","IV - UICN",58.462,"9","Dry forest",0.147878496177167,6.80490347322124e-05,0.000764999244995117,0.0051731608365736,0,0,0.000764999244995117,0.147113496932172
"308","El Morro","Parque Nacional","II - UICN",18.363,"9","Dry forest",0.140267146394555,6.45465308583871e-05,0.00471523721410415,0.0336161199204891,0,0,0.00471523721410415,0.135551909180451
"309","Las Matas","Reserva Natural","V - UICN",47.777,"9","Dry forest",0.129597095406202,5.96365088533553e-05,0.0575018711670592,0.443697221660937,0,0,0.0575018711670592,0.0720952242391428
"310","La Tinaja","Monumento Natural","III - UICN",29.519,"9","Dry forest",0.0942312750269967,4.3362270194379e-05,0.000405063720703125,0.00429861233000473,0,0,0.000405063720703125,0.0938262113062936
"311","Salto de La Damajagua","Monumento Natural","III - UICN",5.526,"9","Dry forest",0.0805836193418352,3.70820481219271e-05,0,0,0,NA,0,0.0805836193418352
"312","Manglares de Estero Balsa","Parque Nacional","II - UICN",56.546,"9","Dry forest",0.0674531403901918,3.10398145225235e-05,0.00253742375793457,0.0376175778215292,0,0,0.00253742375793457,0.0649157166322572
"313","Carretera Santiago - La Cumbre - Puerto Plata","Paisaje Protegido","VI - UICN",20.98,"9","Dry forest",0.0433559462434417,1.99510433770792e-05,0,0,0,NA,0,0.0433559462434417
"314","Bahía de las Águilas","Paisaje Protegido","VI - UICN",39.89,"9","Dry forest",0.0388580508520508,1.78812533290122e-05,0,0,0,NA,0,0.0388580508520508
"315","Loma Isabel de Torres","Monumento Natural","III - UICN",16.605,"9","Dry forest",0.032323112714693,1.48740802526161e-05,0.00251088577392578,0.0776808160800805,0,0,0.00251088577392578,0.0298122269407672
"316","Autopista Duarte","Paisaje Protegido","VI - UICN",10.366,"9","Dry forest",0.0225846948941148,1.03927665414232e-05,0.0035346067387839,0.156504515795117,0,0,0.0035346067387839,0.0190500881553309
"317","Cerro de Bocanigua","Reserva Natural","V - UICN",29.208,"9","Dry forest",0.0168173444163124,7.73881317347289e-06,0.000314418656005859,0.0186960942359532,0,0,0.000314418656005859,0.0165029257603065
"318","Villa Elisa","Área de Protección Estricta","Ia - UICN",0.426,"9","Dry forest",0.0146697220041552,6.7505448593194e-06,0.000379208963012695,0.025849771584307,0,0,0.000379208963012695,0.0142905130411425
"319","Armando Bermúdez","Parque Nacional","II - UICN",802.55,"9","Dry forest",0.014567740355835,6.70361611100243e-06,0,0,0,NA,0,0.014567740355835
"320","Montaña La Humeadora","Parque Nacional","II - UICN",305.408,"9","Dry forest",0.0128279897512135,5.90303757943933e-06,0.00253377859869026,0.197519537186298,0,0,0.00253377859869026,0.0102942111525232
"321","Salto de Jimenoa","Monumento Natural","III - UICN",17.431,"9","Dry forest",0.0025124824798584,1.15616544633457e-06,0,0,0,NA,0,0.0025124824798584
"322","Submarino Monte Cristi","Parque Nacional","II - UICN",245.214,"9","Dry forest",0.00234905335510254,1.08096050123259e-06,0,0,0,NA,0,0.00234905335510254
"323","Luis Quin","Parque Nacional","II - UICN",197.294,"9","Dry forest",0.00215184405391678,9.90210980965447e-07,0,0,0,NA,0,0.00215184405391678
"324","Cayos Siete Hermanos","Área de Manejo de Hábitat/Especies","IV - UICN",115.376,"9","Dry forest",0.00199518863943302,9.18123084369428e-07,0,0,0,NA,0,0.00199518863943302
"325","Cayo Monte Cristo","Área de Manejo de Hábitat/Especies","IV - UICN",0.065,"9","Dry forest",0.000159964405041265,7.36105900179656e-08,0,0,0,NA,0,0.000159964405041265
"326","Loma Novillero","Reserva Natural","V - UICN",12.889,"9","Dry forest",7.58103274356617e-05,3.48855292560534e-08,0,0,0,NA,0,7.58103274356617e-05
"327","Francisco Alberto Caamaño Deñó Mar","Parque Nacional","II - UICN",587.51,"9","Dry forest",4.3961328125e-06,2.02296210861401e-09,0,0,0,NA,0,4.3961328125e-06
